Date,Sender / Receiver,Description,Amount
2014-08-01,In-N-Out Burger,Has phaedrum dolorum verterem eum efficiantur eos. nam. an definitiones,6829.36
2014-07-24,"Sonic Restaurants, Inc.","nec semper an suavitate vix. qui, timeam perpetua aperiam reque",-3404.25
2014-06-26,Emerson Electric Company,qui timeam ne.,-6364.83
2014-03-26,H[edit],"ea, docendi efficiantur sensibus",-5874.81
2014-06-25,News Corporation,possim amet sumo ne. paulo minimum mel.,7985.36
2014-08-25,Becton Dickinson,aperiam ne. offendit et vivendo Vix vidit oportere,1734.19
2014-03-29,Chuck E. Cheese's,"adipisci tibique Mazim efficiantur Vix Pri qui, an accusamus sit.",-9446.97
2014-08-17,"Schneider National, Inc.",consul et paulo suavitate ludus,2007.07
2014-06-26,Bradley Pharmaceuticals,nam. aperiam alii,-714.12
2014-04-14,The Toro Company,Ea voluptua qui sonet ne verterem In ludus dolorum,7866.13
2014-07-09,Broadcom,accumsan. sensibus an vidit Has vivendo euripidis paulo ea. malis,-1383.62
2014-07-15,Emerson Electric Company,"Lorem accusamus ut argumentum, dicat eam,",8610.03
2014-09-07,W. R. Grace and Company,"eam accumsan. ea, ludus efficiantur",1369.41
2014-04-12,NBCUniversal,"mea, petentium suavitate possim amet ei Has vivendo pro ea.",-9384.67
2014-09-19,"Rockstar, Inc.",semper accusam voluptua aliquid vidit reque mnesarchum efficiantur aperiam,-3097.53
2014-03-16,In-N-Out Burger,eu dolorum ne,58.17
2014-07-07,International Paper,"accumsan. ea, ei tractatos, eos. euripidis",1862.53
2014-05-25,Williams-Sonoma,aperiri an eos. ei,8583.33
2014-05-31,Associated Wholesale Grocers,"no ei Unum ad. sed, consul accusam aperiri adipisci viris",-9567.99
2014-04-03,Subway,aperiri Mazim vidit verterem nec mnesarchum,3605.37
2014-03-13,Western Refining,ne. intellegat ei melius,1327.46
2014-05-27,American Home Mortgage,"tibique qui mei eam, vix, deleniti Lorem mnesarchum ad. intellegat",-4538.76
2014-09-01,Schnitzer Steel Industries,"et nec sensibus Lorem qui, tractatos, Et",3858.08
2014-09-20,Bakers Square Restaurants,vidit nam. sonet ei Mazim,-4233.0
2014-03-08,H[edit],viris phaedrum Vix adipisci tibique Unum,-3184.05
2014-04-17,Netcordia,vidit phaedrum reque eos. melius adipisci eum accusam mel. vidit,-1406.8
2014-03-29,Sonic Solutions,definitiones mei sed possim intellegat suavitate mel. Et possit,-7834.15
2014-03-22,Lucasfilm,ne vix phaedrum viris perpetua possit aperiri ludus aliquid qui,7322.25
2014-06-24,The Hanover Insurance Group,possim efficiantur noster Lorem reque Unum,9700.46
2014-04-13,Kimball International,vidit accusamus aperiam sed intellegat euripidis viris deleniti possit,-2659.69
2014-08-13,NBCUniversal,"qui, vidit nec",-3849.07
2014-05-28,Genentech,ad. ei mei ipsum,-7839.27
2014-08-02,The Wine Group,pro docendi vix. voluptatum ei,1942.33
